product_code,product_name,group_code,group_name,line_name,color,forecast_qty_q2,forecast_revenue_q2,forecast_qty_conservative,forecast_qty_optimistic,avg_unit_price,is_new_sku,missing_master_flag,rank_qty,rank_revenue
000102002009000,Xe đạp Thống Nhất We Bare Bears 12 Hồng,Unknown,Unknown,Unknown,Hồng,158.3373,162082549.0498746,126.66984000000001,190.00475999999998,1023653.6119402986,1,1,100,113
000102002023000,Xe đạp Thống Nhất We Bare Bears 12 Kem,Unknown,Unknown,Unknown,Kem,102.2373,91394061.035904,81.78984000000001,122.68476000000001,893940.48,1,1,122,133
000103002009000,Xe đạp Thống Nhất We Bare Bears 16 Hồng,Unknown,Unknown,Unknown,Hồng,183.3722,200758160.25602052,146.69776,220.04663999999997,1094812.4102564103,1,1,87,106
000103002023000,Xe đạp Thống Nhất We Bare Bears 16 Kem,Unknown,Unknown,Unknown,Kem,108.2675,114636566.65816666,86.614,129.921,1058827.1333333333,1,1,121,129
000103002025000,Xe đạp Thống Nhất We Bare Bears 16 Xanh Mint,Unknown,Unknown,Unknown,Xanh Mint,65.2047,67191026.42912,52.16376000000001,78.24564,1030462.9333333332,1,1,132,138
000104002009000,Xe đạp Thống Nhất Tom & Jerry 14 Hồng,Unknown,Unknown,Unknown,Hồng,82.3372,101512742.72690433,65.86976,98.80463999999998,1232890.391304348,1,1,129,131
000104002020000,Xe đạp Thống Nhất Tom & Jerry 14 Xanh da trời,Unknown,Unknown,Unknown,Xanh Da Trời,29.862799999999996,34915341.427999996,23.89024,35.835359999999994,1169191.8181818181,1,1,136,147
000105002004000,Xe đạp Thống Nhất Batwheels 12 Đỏ,Unknown,Unknown,Unknown,Đỏ,139.9024,155230859.52242756,111.92192,167.88287999999997,1109565.3793103448,1,1,104,116
000105002013000,Xe đạp Thống Nhất Batwheels 12 Xanh,Unknown,Unknown,Unknown,Xanh,165.42569999999998,181484999.77137202,132.34055999999998,198.51084,1097078.6266666667,1,1,94,108
000106002001000,Xe đạp Thống Nhất Batwheels 16 Đen,Unknown,Unknown,Unknown,Đen,231.9955,284120769.7926422,185.59640000000002,278.39459999999997,1224682.2450980393,1,1,74,89
000106002004000,Xe đạp Thống Nhất Batwheels 16 Đỏ,Unknown,Unknown,Unknown,Đỏ,184.349,226047522.9999556,147.47920000000002,221.2188,1226193.3777777778,1,1,86,100
000106002013000,Xe đạp Thống Nhất Batwheels 16 Xanh,Unknown,Unknown,Unknown,Xanh,214.4373,243392947.31675,171.54984000000002,257.32475999999997,1135030.8333333333,1,1,77,96
000114002000000,Xe đạp Thống Nhất TE 16-04,KIDBIKE_1,Xe trẻ em nhóm 1,Xe TE 16-04,Unknown,6.7628,5951264.0,5.41024,8.115359999999999,880000.0,0,1,154,174
000115002019001,Xe đạp Thống Nhất 16 Ben 10 màu vàng,KIDBIKE_1,Xe trẻ em nhóm 1,Xe TE 16 Ben 10 (IP - Bản quyền),Vàng,0.0,0.0,0.0,0.0,1293500.0,0,0,168,185
000116002023000,Xe đạp thống nhất TE Love 16 Kem,KIDBIKE_2,Xe trẻ em nhóm 2,Xe Love 16,Kem,172.17989999999998,129009056.96204999,137.74391999999997,206.61587999999995,749268.9736842107,0,0,89,125
000117002023000,Xe đạp thống nhất TE Bunny 16 Kem,KIDBIKE_2,Xe trẻ em nhóm 2,Xe Bunny 16,Kem,158.4648,140575966.69395348,126.77184,190.15776,887111.6279069767,0,0,99,122
000122002002000,Xe đạp Thống Nhất Neo 20-02 Trắng,KIDBIKE_1,Xe trẻ em nhóm 1,Xe Neo 20-02,Trắng,0.0,0.0,0.0,0.0,1050000.0,0,0,168,185
000122002004000,Xe đạp Thống Nhất Neo 20-02 Đỏ tươi,KIDBIKE_1,Xe trẻ em nhóm 1,Xe Neo 20-02,Đỏ Tươi,0.0,0.0,0.0,0.0,1050000.0,0,0,168,185
000122002007000,Xe đạp Thống Nhất Neo 20-02 Coban,KIDBIKE_1,Xe trẻ em nhóm 1,Xe Neo 20-02,Coban,0.0,0.0,0.0,0.0,1050000.0,0,0,168,185
000122002009000,Xe đạp Thống Nhất Neo 20-02 Hồng,KIDBIKE_1,Xe trẻ em nhóm 1,Xe Neo 20-02,Hồng,4.8279,5069295.0,3.86232,5.793479999999999,1050000.0,0,0,161,177
000122002009001,Xe đạp Thống Nhất Bubbles 20 Hồng dạ quang,Unknown,Unknown,Unknown,Hồng Dạ Quang,212.1955,256784726.1629948,169.75639999999999,254.63459999999998,1210132.7604166667,1,1,78,93
000122002019000,Xe đạp Thống Nhất Bubbles 20 Vàng chanh,KIDBIKE_1,Xe trẻ em nhóm 1,Xe Neo 20-02 Bubble,Vàng Chanh,132.0187,161530334.0226217,105.61496,158.42244,1223541.3166666667,1,0,106,114
000122002022000,Xe đạp Thống Nhất Bubbles 20 Xanh,KIDBIKE_1,Xe trẻ em nhóm 1,Xe Neo 20-02 Bubble,Xanh,170.9862,207645264.70325,136.78896000000003,205.18344000000002,1214397.7976190476,1,0,90,103
000122002024000,Xe đạp Thống Nhất Bubbles 20 Tím dạ quang,Unknown,Unknown,Unknown,Tím Dạ Quang,122.914,145387906.96778724,98.33120000000001,147.4968,1182842.5319148935,1,1,114,120
000123002002000,Xe đạp Thống Nhất Neo 20-03 Trắng,KIDBIKE_1,Xe trẻ em nhóm 1,Xe Neo 20-03,Trắng,0.0,0.0,0.0,0.0,1050000.0,0,0,168,185
000123002004000,Xe đạp Thống Nhất Neo 20-03 Đỏ tươi,KIDBIKE_1,Xe trẻ em nhóm 1,Xe Neo 20-03,Đỏ Tươi,0.0,0.0,0.0,0.0,1050000.0,0,0,168,185
000123002007000,Xe đạp Thống Nhất Neo 20-03 Coban,Unknown,Unknown,Unknown,Coban,0.0,0.0,0.0,0.0,1538888.89,0,1,168,185
000123002009000,Xe đạp Thống Nhất Neo 20-03 Hồng,KIDBIKE_1,Xe trẻ em nhóm 1,Xe Neo 20-03,Hồng,145.40019999999998,231186318.0,116.32016000000002,174.48024,1590000.0,0,0,102,99
000124002004000,Xe đạp Thống Nhất Neo 2004 Đỏ tươi,KIDBIKE_1,Xe trẻ em nhóm 1,Xe Neo 2004,Đỏ Tươi,6.518599999999999,7242888.164599999,5.214879999999999,7.8223199999999995,1111111.0,0,0,156,169
000124002009000,Xe đạp Thống Nhất Neo 2004 Hồng,KIDBIKE_1,Xe trẻ em nhóm 1,Xe Neo 2004,Hồng,41.2093,45788106.532299995,32.967439999999996,49.45115999999999,1111111.0,0,0,134,142
000124002024000,Xe đạp Thống Nhất Neo 2004 Tím,KIDBIKE_1,Xe trẻ em nhóm 1,Xe Neo 2004,Tím,13.362799999999998,14847554.070799999,10.69024,16.035359999999997,1111111.0,0,0,149,156
000125002002000,Xe đạp Thống Nhất Puppy 20 Trắng,KIDBIKE_1,Xe trẻ em nhóm 1,Xe Puppy 20,Trắng,407.2211,500937294.09137607,325.77688,488.66531999999995,1230135.8993710692,0,0,43,56
000125002009000,Xe đạp Thống Nhất Puppy 20 Hồng,KIDBIKE_1,Xe trẻ em nhóm 1,Xe Puppy 20,Hồng,1837.2661999999998,2347589740.391814,1469.81296,2204.71944,1277762.4387755103,0,0,4,9
000125002013000,Xe đạp Thống Nhất Puppy 20 Xanh,KIDBIKE_1,Xe trẻ em nhóm 1,Xe Puppy 20,Xanh,639.8117,787486310.9179,511.84936000000005,767.77404,1230809.4880382775,0,0,30,37
000125002023000,Xe đạp Thống Nhất Puppy 20 Kem,KIDBIKE_1,Xe trẻ em nhóm 1,Xe Puppy 20,Kem,879.2399,1067468705.6799184,703.39192,1055.08788,1214081.282798834,0,0,18,30
000131002001002,Xe đạp Thống Nhất GN 06 20 2024 Đen,KIDBIKE_1,Xe trẻ em nhóm 1,Xe GN 06 20 2024,Đen,1071.3032,1250281586.8062205,857.0425600000001,1285.56384,1167066.0433070867,0,0,12,22
000131002004000,Xe đạp Thống Nhất GN 06 20 Đỏ tươi,KIDBIKE_1,Xe trẻ em nhóm 1,Xe GN 06 20,Đỏ Tươi,0.0,0.0,0.0,0.0,1123842.595,0,0,168,185
000131002004005,Xe đạp Thống Nhất GN 06 20 2024 Đỏ,KIDBIKE_1,Xe trẻ em nhóm 1,Xe GN 06 20 2024,Đỏ,315.4536,368418397.28527063,252.36288000000002,378.54431999999997,1167900.43697479,0,0,60,75
000131002007000,Xe đạp Thống Nhất GN 06 20 Coban,KIDBIKE_1,Xe trẻ em nhóm 1,Xe GN 06 20,Coban,0.0,0.0,0.0,0.0,1197685.19,0,0,168,185
000131002008001,Xe đạp Thống Nhất GN 06 20 2024 Ghi,KIDBIKE_1,Xe trẻ em nhóm 1,Xe GN 06 20 2024,Ghi,718.9237,838888368.7877213,575.13896,862.7084400000001,1166867.038585209,0,0,27,36
000131002019002,Xe đạp Thống Nhất GN 06 20 2024 Vàng,KIDBIKE_1,Xe trẻ em nhóm 1,Xe GN 06 20 2024,Vàng,378.6607,441481011.16275555,302.92856,454.39284,1165901.3231707318,0,0,48,66
000132002001001,Xe đạp Thống Nhất GN 2.0 20 đen - Bat man,KIDBIKE_1,Xe trẻ em nhóm 1,Xe GN 06 2.0 20 DC (IP - Bản quyền),Đen,234.9886,307965484.673,187.99088,281.98632,1310555.0,1,0,72,86
000132002003001,Xe đạp Thống Nhất GN 2.0 20 đỏ - Wonderwoman,KIDBIKE_1,Xe trẻ em nhóm 1,Xe GN 06 2.0 20 DC (IP - Bản quyền),Đỏ,111.9745,146748740.8475,89.5796,134.36939999999998,1310555.0,1,0,119,119
000132002022001,Xe đạp Thống Nhất GN 2.0 20 xanh - Superman,KIDBIKE_1,Xe trẻ em nhóm 1,Xe GN 06 2.0 20 DC (IP - Bản quyền),Xanh,254.0373,333593616.11929375,203.22984,304.84475999999995,1313167.8541666667,1,0,66,81
000207004000000,Xe đạp Thống Nhất 219-05-26,CITYBIKE_P,Xe phổ thông,Xe 219-05-26,Unknown,633.6505999999999,892961918.2633243,506.92048,760.38072,1409233.9189189188,0,1,31,35
000208002003000,Xe đạp Thống Nhất 219-24 Đỏ đun,CITYBIKE_P,Xe phổ thông,Xe 219-24,Đỏ Đun,282.7418,388640785.23645204,226.19344,339.29015999999996,1374543.082191781,0,0,62,71
000208002007000,Xe đạp Thống Nhất 219-24 Coban,CITYBIKE_P,Xe phổ thông,Xe 219-24,Coban,84.76050000000001,117787102.62550002,67.8084,101.71260000000001,1389646.1515151516,0,0,128,128
000208002023000,Xe đạp Thống Nhất 219-24 Xanh Tím,CITYBIKE_P,Xe phổ thông,Xe 219-24,Xanh Tím,318.52810000000005,447812173.6269139,254.82248000000004,382.23372000000006,1405879.6496350365,0,0,58,63
000209002003000,Xe đạp Thống Nhất 219-26 Đỏ đun,CITYBIKE_P,Xe phổ thông,Xe 219-26,Đỏ Đun,366.2373,532765558.07376003,292.98984,439.48476000000005,1454700.4307692305,0,0,49,54
000209002007000,Xe đạp Thống Nhất 219-26 Coban,CITYBIKE_P,Xe phổ thông,Xe 219-26,Coban,249.7792,365487217.31305635,199.82336,299.73504,1463241.2038834952,0,0,69,76
000209002025000,Xe đạp Thống Nhất 219-26 Xanh Tím,CITYBIKE_P,Xe phổ thông,Xe 219-26,Xanh Tím,598.1888,900078911.5099866,478.55104000000006,717.82656,1504673.627306273,0,0,33,34
000214004000000,Xe đạp Thống Nhất GN 05-26,CITYBIKE_P,Xe phổ thông,Xe GN 05-26,Unknown,714.7844,1091782449.1822007,571.82752,857.74128,1527429.0389972145,0,1,28,29
000215004000000,Xe đạp Thống Nhất GN 05-27,CITYBIKE_P,Xe phổ thông,Xe GN 05-27,Unknown,240.856,375751961.86,192.68480000000002,289.0272,1560068.9285714284,0,1,71,73
000216002001000,Xe đạp Thống Nhất GN 06-24 Đen,CITYBIKE_P,Xe phổ thông,Xe GN 06-24,Đen,111.9745,157697383.50849998,89.5796,134.36939999999998,1408333.0,0,0,119,115
000216002003000,Xe đạp Thống Nhất GN 06-24 Đỏ đun,CITYBIKE_P,Xe phổ thông,Xe GN 06-24,Đỏ Đun,43.1442,59929976.829937495,34.51536,51.773039999999995,1389062.1875,0,0,133,140
000216002007000,Xe đạp Thống Nhất GN 06-24 Coban,CITYBIKE_P,Xe phổ thông,Xe GN 06-24,Coban,357.5462,518464964.4221069,286.03696,429.05544,1450064.2558139535,0,0,53,55
000216003001000,Xe đạp Thống Nhất GN 06-24 2.0 Đen,CITYBIKE_P,Xe phổ thông,Xe GN 06-24 2.0,Đen,776.0632,1139498963.726056,620.8505600000001,931.27584,1468306.9158878506,0,0,23,26
000216003005000,Xe đạp Thống Nhất GN 06-24 2.0 Cam,CITYBIKE_P,Xe phổ thông,Xe GN 06-24 2.0,Cam,162.921,244005228.85921878,130.3368,195.5052,1497690.46875,0,0,95,94
000216003008000,Xe đạp Thống Nhất GN 06-24 2.0 Ghi,CITYBIKE_P,Xe phổ thông,Xe GN 06-24 2.0,Ghi,745.6746,1095749024.77975,596.5396800000001,894.80952,1469473.446969697,0,0,24,28
000217002001000,Xe đạp Thống Nhất GN 06-26 Đen,CITYBIKE_P,Xe phổ thông,Xe GN 06-26,Đen,402.7188,573620206.5558772,322.17503999999997,483.2625599999999,1424369.0797546012,0,0,44,49
000217002003000,Xe đạp Thống Nhất GN 06-26 Đỏ đun,CITYBIKE_P,Xe phổ thông,Xe GN 06-26,Đỏ Đun,131.142,214642034.816,104.9136,157.3704,1636714.6666666667,0,0,107,102
000217002007000,Xe đạp Thống Nhất GN 06-26 Coban,CITYBIKE_P,Xe phổ thông,Xe GN 06-26,Coban,327.93969999999996,496799515.1548574,262.35176,393.5276399999999,1514911.171641791,0,0,56,58
000217002007001,Xe đạp Thống Nhất GN 06 26 D Coban,Unknown,Unknown,Unknown,Coban,26.5628,45009187.70832,21.250239999999998,31.87536,1694444.3999999997,1,1,140,143
000217003001000,Xe đạp Thống Nhất GN 06-26 2.0 Đen,CITYBIKE_P,Xe phổ thông,Xe GN 06-26 2.0,Đen,1643.1613,2653645124.9195743,1314.52904,1971.79356,1614963.2570579492,0,0,7,6
000217003005000,Xe đạp Thống Nhất GN 06-26 2.0 Cam,CITYBIKE_P,Xe phổ thông,Xe GN 06-26 2.0,Cam,274.4258,441013424.8371969,219.54064,329.31095999999997,1607040.6821705427,0,0,63,67
000217003008000,Xe đạp Thống Nhất GN 06-26 2.0 Ghi,CITYBIKE_P,Xe phổ thông,Xe GN 06-26 2.0,Ghi,1295.3775999999998,2019799394.3075385,1036.30208,1554.4531200000001,1559236.0052447552,0,0,10,11
000217004005000,Xe đạp Thống Nhất GN 06-26 2.0 Pro Cam,SPORTBIKE_S,Xe thể thao thép,Xe GN 06-26 2.0 Pro,Cam,2.7666,3568914.0,2.21328,3.3199199999999998,1290000.0,0,0,164,182
000217004008000,Xe đạp Thống Nhất GN 06-26 2.0 Pro Ghi,SPORTBIKE_S,Xe thể thao thép,Xe GN 06-26 2.0 Pro,Ghi,1.3167,2765678.3153999997,1.05336,1.58004,2100462.0,0,0,167,184
000217004008001,Xe đạp Thống Nhất GN 06-26 2.0 Pro Shimano Ghi,SPORTBIKE_S,Xe thể thao thép,Xe GN 06-26 2.0 Pro Shimano,Ghi,0.0,0.0,0.0,0.0,2333500.0,0,0,168,185
000217004022000,Xe đạp Thống Nhất GN 06-26 2.0 Pro Xanh dương,SPORTBIKE_S,Xe thể thao thép,Xe GN 06-26 2.0 Pro,Xanh Dương,5.5332,7359156.0,4.42656,6.6398399999999995,1330000.0,0,0,157,168
000217004022001,Xe đạp Thống Nhất GN 06-26 2.0 Pro Shimano Xanh,SPORTBIKE_S,Xe thể thao thép,Xe GN 06-26 2.0 Pro Shimano,Xanh,0.0,0.0,0.0,0.0,2333500.0,0,0,168,185
000218002001000,Xe đạp Thống Nhất GN 06-27 Đen,CITYBIKE_P,Xe phổ thông,Xe GN 06-27,Đen,110.93499999999999,169792118.92499998,88.74799999999999,133.12199999999999,1530555.0,0,0,120,112
000218002003000,Xe đạp Thống Nhất GN 06-27 Đỏ đun,CITYBIKE_P,Xe phổ thông,Xe GN 06-27,Đỏ Đun,24.872099999999996,38068117.015499994,19.897679999999998,29.846519999999998,1530555.0,0,0,142,144
000218002007000,Xe đạp Thống Nhất GN 06-27 Coban,CITYBIKE_P,Xe phổ thông,Xe GN 06-27,Coban,93.214,150818569.242,74.5712,111.85679999999999,1617981.9473684214,0,0,125,117
000218003001000,Xe đạp Thống Nhất GN 06-27 2.0 Đen,CITYBIKE_P,Xe phổ thông,Xe GN 06-27 2.0,Đen,0.0,0.0,0.0,0.0,1270000.0,0,0,168,185
000218003005000,Xe đạp Thống Nhất GN 06-27 2.0 Cam,CITYBIKE_P,Xe phổ thông,Xe GN 06-27 2.0,Cam,0.0,0.0,0.0,0.0,1270000.0,0,0,168,185
000218003008000,Xe đạp Thống Nhất GN 06-27 2.0 Ghi,CITYBIKE_P,Xe phổ thông,Xe GN 06-27 2.0,Ghi,0.0,0.0,0.0,0.0,1270000.0,0,0,168,185
000218004005000,Xe đạp Thống Nhất GN 06-27 2.0 Pro Cam,SPORTBIKE_S,Xe thể thao thép,Xe GN 06-27 2.0 Pro,Cam,2.7666,3513582.0,2.21328,3.3199199999999998,1270000.0,0,0,164,183
000218004008000,Xe đạp Thống Nhất GN 06-27 2.0 Pro Ghi,SPORTBIKE_S,Xe thể thao thép,Xe GN 06-27 2.0 Pro,Ghi,5.5332,7027164.0,4.42656,6.6398399999999995,1270000.0,0,0,157,170
000218004008001,Xe đạp Thống Nhất GN 06-27 2.0 Pro Shimano Ghi,SPORTBIKE_S,Xe thể thao thép,Xe GN 06-27 2.0 Pro Shimano,Ghi,0.0,0.0,0.0,0.0,2398500.0,0,0,168,185
000218004009001,Xe đạp Thống Nhất GN 06-27 2.0 Pro BLACKPINK,SPORTBIKE_S,Xe thể thao thép,Xe GN 06-27 2.0 Pro,Unknown,0.0,0.0,0.0,0.0,1350000.0,0,1,168,185
000219002012000,Xe đạp Thống Nhất GN 2.0 700C Ghi,Unknown,Unknown,Unknown,Ghi,366.2373,600065617.3116,292.98984,439.48476000000005,1638461.2307692308,1,1,49,46
000219002022000,Xe đạp Thống Nhất GN 2.0 700C Xanh,Unknown,Unknown,Unknown,Xanh,241.40709999999999,408147703.3143889,193.12568,289.68852,1690702.9797979798,1,1,70,69
000219002023000,Xe đạp Thống Nhất GN 2.0 700C Kem,Unknown,Unknown,Unknown,Kem,101.7489,173491260.836025,81.39912000000001,122.09868,1705092.25,1,1,123,109
000224002002000,Xe đạp Thống Nhất New 24 Trắng,CITYBIKE_P,Xe phổ thông,Xe New 24,Trắng,867.7867000000001,1274145499.0900793,694.22936,1041.34404,1468270.37,0,0,19,19
000224002004000,Xe đạp Thống Nhất New 24 Đỏ tươi,CITYBIKE_P,Xe phổ thông,Xe New 24,Đỏ Tươi,203.9048,300299149.8064516,163.12384,244.68575999999996,1472741.935483871,0,0,81,87
000224002007000,Xe đạp Thống Nhất New 24 Coban,Unknown,Unknown,Unknown,Coban,0.0,0.0,0.0,0.0,1130000.0,0,1,168,185
000224002009000,Xe đạp Thống Nhất New 24 Hồng,CITYBIKE_P,Xe phổ thông,Xe New 24,Hồng,427.9165,614777423.90625,342.33320000000003,513.4997999999999,1436676.1363636365,0,0,39,45
000224002015000,Xe đạp Thống Nhất New 24 Café/nâu,CITYBIKE_P,Xe phổ thông,Xe New 24,Nâu,921.7329,1382055910.98787,737.38632,1106.0794799999999,1499410.415954416,0,0,15,14
000224002023000,Xe đạp Thống Nhất New 24 Kem,CITYBIKE_P,Xe phổ thông,Xe New 24,Kem,2273.5053000000003,3333223885.319856,1818.8042400000002,2728.20636,1466116.6109090906,0,0,2,3
000224002024000,Xe đạp Thống Nhất New 24 Tím,CITYBIKE_P,Xe phổ thông,Xe New 24,Tím,262.4908,370272053.8269228,209.99264,314.98895999999996,1410609.6435643565,0,0,65,74
000224002026000,Xe đạp Thống Nhất New 24 Xanh mint,CITYBIKE_P,Xe phổ thông,Xe New 24,Xanh Mint,861.7191,1270425561.2119546,689.37528,1034.0629199999998,1474291.9835616436,0,0,20,20
000225002002000,Xe đạp Thống Nhất New 26 Trắng,CITYBIKE_P,Xe phổ thông,Xe New 26,Trắng,1490.8475999999998,2498306023.346799,1192.67808,1789.0171199999997,1675762.1794117645,0,0,8,7
000225002002001,Xe đạp Thống Nhất New 26 Trắng DA HP,CITYBIKE_P,Xe phổ thông,Xe New 26,Trắng,0.0,0.0,0.0,0.0,1805555.55,1,0,168,185
000225002004000,Xe đạp Thống Nhất New 26 Đỏ tươi,CITYBIKE_P,Xe phổ thông,Xe New 26,Đỏ Tươi,167.035,264386692.81420004,133.62800000000001,200.442,1582822.12,0,0,93,92
000225002004001,Xe đạp Thống Nhất New 26 màu đỏ DA HP,CITYBIKE_P,Xe phổ thông,Xe New 26,Đỏ,0.0,0.0,0.0,0.0,1805555.55,1,0,168,185
000225002007000,Xe đạp Thống Nhất New 26 Coban,Unknown,Unknown,Unknown,Coban,0.0,0.0,0.0,0.0,1917870.37,0,1,168,185
000225002007001,Xe đạp Thống Nhất New 26 Xanh DA HP,CITYBIKE_P,Xe phổ thông,Xe New 26,Xanh,0.0,0.0,0.0,0.0,1805555.55,1,0,168,185
000225002009000,Xe đạp Thống Nhất New 26 Hồng,CITYBIKE_P,Xe phổ thông,Xe New 26,Hồng,389.94449999999995,621375106.9351794,311.9556,467.9334,1593496.2717391301,0,0,46,43
000225002015000,Xe đạp Thống Nhất New 26 Café/nâu,CITYBIKE_P,Xe phổ thông,Xe New 26,Nâu,1675.4661,2667705055.8947735,1340.3728800000001,2010.5593199999998,1592216.6708683474,0,0,6,5
000225002015001,Xe đạp Thống Nhất New 26 Café/nâu DA HP,CITYBIKE_P,Xe phổ thông,Xe New 26,Nâu,0.0,0.0,0.0,0.0,1805555.55,1,0,168,185
000225002023000,Xe đạp Thống Nhất New 26 Kem,CITYBIKE_P,Xe phổ thông,Xe New 26,Kem,3218.1875,5140289221.12041,2574.55,3861.825,1597262.1921875,0,0,1,1
000225002024000,Xe đạp Thống Nhất New 26 Tím,CITYBIKE_P,Xe phổ thông,Xe New 26,Tím,215.00709999999998,334694365.18979996,172.00568,258.00852,1556666.5714285716,0,0,76,80
000225002025000,Xe đạp Thống Nhất New 26 Xanh mint,CITYBIKE_P,Xe phổ thông,Xe New 26,Xanh Mint,1030.0191,1608655061.649416,824.01528,1236.0229199999999,1561772.0697115387,0,0,13,13
000226002014000,Xe đạp Thống Nhất LD 24-01 Xanh Santorini,Unknown,Unknown,Unknown,Xanh Santorini,0.0,0.0,0.0,0.0,1996296.3,0,1,168,185
000226003002000,Xe đạp Thống Nhất LD 24-01_2023 Trắng,CITYBIKE_P,Xe phổ thông,Xe LD 24-01_2023,Trắng,722.8749,1170726658.876995,578.29992,867.44988,1619542.55,0,0,26,25
000226003014000,Xe đạp Thống Nhất LD 24-01_2023 Xanh Santorini,CITYBIKE_P,Xe phổ thông,Xe LD 24-01_2023,Xanh Santorini,363.1188,554439670.2005721,290.49504,435.74256,1526882.3046357615,0,0,51,52
000226003015000,Xe đạp Thống Nhất LD 24-01_2023 Café/nâu,CITYBIKE_P,Xe phổ thông,Xe LD 24-01_2023,Nâu,363.0561,569373120.7719566,290.44488,435.66732,1568278.6235294119,0,0,52,50
000226003023000,Xe đạp Thống Nhất LD 24-01_2023 Kem,CITYBIKE_P,Xe phổ thông,Xe LD 24-01_2023,Kem,1770.5523,2879387195.0369954,1416.4418400000002,2124.66276,1626264.9767741936,0,0,5,4
000227002009000,Xe đạp Thống Nhất LD 24-02 Hồng,Unknown,Unknown,Unknown,Hồng,0.0,0.0,0.0,0.0,1846574.07,0,1,168,185
000227002014000,Xe đạp Thống Nhất LD 24-02 Xanh Santorini,CITYBIKE_P,Xe phổ thông,Xe LD 24-02,Xanh Santorini,0.0,0.0,0.0,0.0,1846574.07,0,0,168,185
000230002001000,Xe đạp Thống Nhất M 27-01 Đen,CITYBIKE_P,Xe phổ thông,Xe M 27-01,Đen,0.0,0.0,0.0,0.0,1250000.0,0,0,168,185
000230002002000,Xe đạp Thống Nhất LD 26 Trắng,CITYBIKE_P,Xe phổ thông,Xe LD 26,Trắng,619.0096,1045355921.0256448,495.20768,742.8115199999999,1688755.5880000002,0,0,32,31
000230002009000,Xe đạp Thống Nhất LD 26 Pastel Hồng,Unknown,Unknown,Unknown,Hồng Pastel,1173.9915,2043132268.7243128,939.1932,1408.7898,1740329.6946564885,1,1,11,10
000230002013000,Xe đạp Thống Nhất LD 26 Pastel Xanh,Unknown,Unknown,Unknown,Xanh Pastel,1371.5657999999999,2387882310.245121,1097.2526400000002,1645.87896,1740989.9767441861,1,1,9,8
000230002014000,Xe đạp Thống Nhất LD 26 Xanh Santorini,CITYBIKE_P,Xe phổ thông,Xe LD 26,Xanh Santorini,392.3304,668085793.2144,313.86432,470.79648,1702865.2207792208,1,0,45,42
000230002023000,Xe đạp Thống Nhất LD 26 Kem,CITYBIKE_P,Xe phổ thông,Xe LD 26,Kem,2105.6243999999997,3664497775.7325306,1684.4995199999998,2526.7492799999995,1740337.818906606,1,0,3,2
000230002027000,Xe đạp Thống Nhất M 27-01 Xanh nước biển,CITYBIKE_P,Xe phổ thông,Xe M 27-01,Xanh Nước Biển,0.0,0.0,0.0,0.0,1250000.0,0,0,168,185
000231002002000,Xe đạp Thống Nhất LD 26 We Bare Bears Trắng,Unknown,Unknown,Unknown,Trắng,219.20250000000001,461850401.4059708,175.36200000000002,263.043,2106957.7281553396,1,1,75,61
000231002023000,Xe đạp Thống Nhất LD 26 We Bare Bears Kem,Unknown,Unknown,Unknown,Kem,315.7352000000001,690730238.7994419,252.58816000000004,378.88224,2187688.4135802467,1,1,59,39
000231003002000,Xe đạp Thống Nhất M2601 Trắng,SPORTBIKE_S,Xe thể thao thép,Xe M2601,Trắng,0.0,0.0,0.0,0.0,2844722.22,0,0,168,185
000231003002001,Xe đạp Thống Nhất M2601 Shimano Trắng (tem tím),SPORTBIKE_S,Xe thể thao thép,Xe M2601 Shimano,Trắng,5.5332,9185112.0,4.42656,6.6398399999999995,1660000.0,0,0,157,164
000231003005000,Xe đạp Thống Nhất M2601 Đen Tem cam,SPORTBIKE_S,Xe thể thao thép,Xe M2601,Đen,0.0,0.0,0.0,0.0,1200000.0,0,0,168,185
000231003005001,Xe đạp Thống Nhất M2601 Shimano Đen (tem cam),SPORTBIKE_S,Xe thể thao thép,Xe M2601 Shimano,Đen,2.7666,4592556.0,2.21328,3.3199199999999998,1660000.0,0,0,164,179
000231003022000,Xe đạp Thống Nhất M2601 Xanh dương,SPORTBIKE_S,Xe thể thao thép,Xe M2601,Xanh Dương,0.0,0.0,0.0,0.0,1200000.0,0,0,168,185
000231003022001,Xe đạp Thống Nhất M2601 Shimano Xanh (tem trắng),SPORTBIKE_S,Xe thể thao thép,Xe M2601 Shimano,Trắng,2.7666,4813884.0,2.21328,3.3199199999999998,1740000.0,0,0,164,178
000231003023000,Xe đạp Thống Nhất M2601 Đen Tem Xanh,SPORTBIKE_S,Xe thể thao thép,Xe M2601,Xanh,0.0,0.0,0.0,0.0,1200000.0,0,0,168,185
000231003023001,Xe đạp Thống Nhất M2601 Shimano Đen (tem xanh),SPORTBIKE_S,Xe thể thao thép,Xe M2601 Shimano,Xanh,0.0,0.0,0.0,0.0,2658500.0,0,0,168,185
000232003002000,Xe đạp Thống Nhất MS 27.5 Trắng,Unknown,Unknown,Unknown,Trắng,127.27220000000001,282919799.58288527,101.81776000000002,152.72664,2222950.4918032787,1,1,109,90
000232003008000,Xe đạp Thống Nhất MS 27.5 Ghi,Unknown,Unknown,Unknown,Ghi,202.1327,451429629.28910005,161.70616,242.55924,2233333.0,1,1,82,62
000232003009000,Xe đạp Thống Nhất MS 27.5 Hồng,Unknown,Unknown,Unknown,Hồng,92.01169999999999,201427134.880093,73.60936,110.41403999999999,2189146.976744186,1,1,127,104
000233003022001,Xe đạp Thống Nhất MS Superman 27.5 DC xanh,Unknown,Unknown,Unknown,Xanh,30.107,68685047.453,24.085600000000003,36.1284,2281364.714285714,1,1,135,137
000303002003000,Xe đạp Thống Nhất MTB 20-03 Đỏ đun,Unknown,Unknown,Unknown,Đỏ Đun,0.0,0.0,0.0,0.0,1000000.0,0,1,168,185
000303002004000,Xe đạp Thống Nhất MTB 20-03 Tem đỏ,Unknown,Unknown,Unknown,Đỏ,0.0,0.0,0.0,0.0,1000000.0,0,1,168,185
000303002005000,Xe đạp Thống Nhất MTB 20-03 Tem cam,Unknown,Unknown,Unknown,Cam,0.0,0.0,0.0,0.0,1000000.0,0,1,168,185
000303002019000,Xe đạp Thống Nhất MTB 20-03 Tem Vàng,Unknown,Unknown,Unknown,Vàng,0.0,0.0,0.0,0.0,1000000.0,0,1,168,185
000303002020000,Xe đạp Thống Nhất MTB 20-03 Tem Xanh da trời,Unknown,Unknown,Unknown,Xanh Da Trời,5.0721,5072099.999999999,4.0576799999999995,6.086519999999999,1000000.0,1,1,159,176
000304002004000,Xe đạp Thống Nhất MTB 20-04 Tem đỏ,KIDBIKE_1,Xe trẻ em nhóm 1,Xe MTB 20-04,Đỏ,0.0,0.0,0.0,0.0,1960648.1499999997,0,0,168,185
000304002005000,Xe đạp Thống Nhất MTB 20-04 Tem cam,KIDBIKE_1,Xe trẻ em nhóm 1,Xe MTB 20-04,Cam,3.3814,3888610.0,2.70512,4.0576799999999995,1150000.0,0,0,162,181
000304002019000,Xe đạp Thống Nhất MTB 20-04 Tem Vàng,KIDBIKE_1,Xe trẻ em nhóm 1,Xe MTB 20-04,Vàng,0.0,0.0,0.0,0.0,1753703.5,0,0,168,185
000304002020000,Xe đạp Thống Nhất MTB 20-04 Tem Xanh da trời,KIDBIKE_1,Xe trẻ em nhóm 1,Xe MTB 20-04,Xanh Da Trời,0.0,0.0,0.0,0.0,1960648.1499999997,0,0,168,185
000305002001000,Xe đạp Thống Nhất MTB 20-05 Đen,KIDBIKE_1,Xe trẻ em nhóm 1,Xe MTB 20-05,Đen,0.0,0.0,0.0,0.0,1050000.0,0,0,168,185
000305002022000,Xe đạp Thống Nhất MTB 20-05 Xanh dương,KIDBIKE_1,Xe trẻ em nhóm 1,Xe MTB 20-05,Xanh Dương,0.0,0.0,0.0,0.0,1050000.0,0,0,168,185
000314002005000,Xe đạp Thống Nhất MTB 24-04 Tem cam,SPORTBIKE_S,Xe thể thao thép,Xe MTB 24-04,Cam,13.833,14247990.0,11.066400000000002,16.5996,1030000.0,0,0,146,157
000314002019000,Xe đạp Thống Nhất MTB 24-04 Tem vàng,SPORTBIKE_S,Xe thể thao thép,Xe MTB 24-04,Vàng,0.0,0.0,0.0,0.0,2488240.74,0,0,168,185
000314002020000,Xe đạp Thống Nhất MTB 24-04 Tem Xanh da trời,SPORTBIKE_S,Xe thể thao thép,Xe MTB 24-04,Xanh Da Trời,15.2163,15672789.0,12.17304,18.25956,1030000.0,0,0,144,153
000324000040000,Xe đạp Thống Nhất MTB 26-05_2023 Đỏ đun,SPORTBIKE_S,Xe thể thao thép,Xe MTB 26-05_2023,Đỏ Đun,15.1497,36266685.033599995,12.11976,18.17964,2393888.0,0,0,145,146
000324000100000,Xe đạp Thống Nhất MTB 26-05_2023 Xanh rêu,SPORTBIKE_S,Xe thể thao thép,Xe MTB 26-05_2023,Xanh Rêu,2.7,6463497.600000001,2.16,3.24,2393888.0,0,0,165,173
000324000180000,Xe đạp Thống Nhất MTB 26-05_2023 Đen mờ,SPORTBIKE_S,Xe thể thao thép,Xe MTB 26-05_2023,Đen Mờ,13.766399999999997,32955219.763199996,11.01312,16.519679999999997,2393888.0,0,0,147,148
000329002004001,Xe đạp Thống Nhất MTB 26-07 Tem đỏ,SPORTBIKE_S,Xe thể thao thép,Xe MTB 26-07,Đỏ,12.4497,23654430.0,9.95976,14.939639999999999,1900000.0,0,0,150,150
000329002005000,Xe đạp Thống Nhất MTB 26-07 Tem cam,SPORTBIKE_S,Xe thể thao thép,Xe MTB 26-07,Cam,5.5332,10568412.0,4.42656,6.6398399999999995,1910000.0,0,0,157,163
000330002001000,Xe đạp Thống Nhất MTB 24-03 Đen,CITYBIKE_P,Xe phổ thông,Xe MTB 24-03,Đen,0.0,0.0,0.0,0.0,1200000.0,0,0,168,185
000330002002200,Xe đạp Thống Nhất MTB 24-03 Xanh dương,CITYBIKE_P,Xe phổ thông,Xe MTB 24-03,Xanh Dương,6.7628,7439080.0,5.41024,8.115359999999999,1100000.0,0,0,154,167
000331002001000,Xe đạp Thống Nhất MTB 26-02 đen,Unknown,Unknown,Unknown,Đen,964.9464,1702326871.860223,771.95712,1157.93568,1764167.2862453528,1,1,14,12
000331002004000,Xe đạp Thống Nhất MTB 26-02 Đỏ tươi,CITYBIKE_P,Xe phổ thông,Xe MTB 26 02,Đỏ Tươi,189.22089999999997,318832348.6995921,151.37672,227.06507999999997,1684974.2745098036,0,0,84,84
000331002008000,Xe đạp Thống Nhất MTB 26-02 Ghi,CITYBIKE_P,Xe phổ thông,Xe MTB 26 02,Ghi,740.6278,1294832748.4319842,592.50224,888.7533599999999,1748290.7722772278,0,0,25,18
000331002022000,Xe đạp Thống Nhất MTB 26-02 Xanh dương,CITYBIKE_P,Xe phổ thông,Xe MTB 26 02,Xanh Dương,267.0745,466036826.75,213.6596,320.48940000000005,1744969.3877551022,0,0,64,60
000333002001000,Xe đạp Thống Nhất Super 26 đen,SPORTBIKE_S,Xe thể thao thép,Xe Super 26,Đen,0.0,0.0,0.0,0.0,1300000.0,0,0,168,185
000333002001002,Xe đạp Thống Nhất Super 26 S đen,Unknown,Unknown,Unknown,Đen,251.77679999999998,557230914.5436,201.42144000000002,302.13216,2213194.0454545454,1,1,67,51
000333002001003,Xe đạp Thống Nhất Super 26 S đen DA HP,Unknown,Unknown,Unknown,Đen,0.0,0.0,0.0,0.0,2592592.6,1,1,168,185
000333002008000,Xe đạp Thống Nhất Super 26 S ghi,Unknown,Unknown,Unknown,Ghi,383.69539999999995,785909668.1439118,306.95632,460.43448,2048264.5039370079,1,1,47,38
000333002008003,Xe đạp Thống Nhất Super 26 S ghi DA HP,Unknown,Unknown,Unknown,Ghi,0.0,0.0,0.0,0.0,2592592.6,1,1,168,185
000333002022000,Xe đạp Thống Nhất Super 26 xanh,SPORTBIKE_S,Xe thể thao thép,Xe Super 26,Xanh,2.7666,4011570.0,2.21328,3.3199199999999998,1450000.0,0,0,164,180
000333002022002,Xe đạp Thống Nhất Super 26 S xanh,Unknown,Unknown,Unknown,Xanh,364.36510000000004,687223525.7965308,291.49208000000004,437.23812,1886084.9345794392,1,1,50,40
000333002022003,Xe đạp Thống Nhất Super 26 S xanh DA HP,Unknown,Unknown,Unknown,Xanh,0.0,0.0,0.0,0.0,2592592.6,1,1,168,185
000334002001000,Xe đạp Thống Nhất Super 20 Đen,KIDBIKE_1,Xe trẻ em nhóm 1,Xe TE Super 20,Đen,210.50480000000002,336243733.20912004,168.40384000000003,252.60576000000003,1597320.9789473685,0,0,79,79
000334002004000,Xe đạp Thống Nhất Super 20 Đỏ,KIDBIKE_1,Xe trẻ em nhóm 1,Xe TE Super 20,Đỏ,127.1908,200831835.37633333,101.75264000000001,152.62896,1578980.8333333333,0,0,110,105
000334002013000,Xe đạp Thống Nhất Super 20 Xanh,KIDBIKE_1,Xe trẻ em nhóm 1,Xe TE Super 20,Xanh,189.3397,330990714.35095215,151.47176,227.20763999999997,1748131.608695652,0,0,83,82
000335002001000,Xe đạp Thống Nhất Super 24 Đen,SPORTBIKE_S,Xe thể thao thép,Xe Super 24,Đen,299.0133,617914275.4651332,239.21064,358.81596,2066511.0062500003,0,0,61,44
000335002004000,Xe đạp Thống Nhất Super 24 Đỏ,SPORTBIKE_S,Xe thể thao thép,Xe Super 24,Đỏ,125.66519999999998,243596446.1470588,100.53215999999999,150.79823999999996,1938455.8823529414,0,0,111,95
000335002013000,Xe đạp Thống Nhất Super 24 Xanh,SPORTBIKE_S,Xe thể thao thép,Xe Super 24,Xanh,207.2799,413193952.7647653,165.82392,248.73588,1993410.6141732286,0,0,80,68
000336002001000,Xe đạp Thống Nhất SK 20 đen,Unknown,Unknown,Unknown,Đen,912.0144,1242863164.8183568,729.61152,1094.4172800000001,1362767.0405405406,1,1,16,23
000336002004000,Xe đạp Thống Nhất SK 20 đỏ,Unknown,Unknown,Unknown,Đỏ,249.86059999999998,337583036.0838057,199.88848000000002,299.83271999999994,1351085.5096153845,1,1,68,78
000336002022000,Xe đạp Thống Nhất SK 20 xanh,Unknown,Unknown,Unknown,Xanh,442.52560000000005,599012599.3658783,354.02048,531.03072,1353622.4782608696,1,1,37,47
000337002001000,Xe đạp Thống Nhất SK 24 đen,Unknown,Unknown,Unknown,Đen,838.8886,1349369726.982892,671.11088,1006.6663199999999,1608520.7582781457,1,1,21,16
000337002008000,Xe đạp Thống Nhất SK 24 ghi,Unknown,Unknown,Unknown,Ghi,575.9721,927936744.7048874,460.77768,691.1665199999999,1611079.3295454544,1,1,34,33
000337002022000,Xe đạp Thống Nhất SK 24 xanh,Unknown,Unknown,Unknown,Xanh,333.7884,546029925.3243589,267.03072000000003,400.54608,1635856.5046728973,1,1,55,53
000401002016000,"Xe đạp Thống Nhất Nữ Truyền thống Lốp đỏ, Ngọc",CITYBIKE_P,Xe phổ thông,Xe Nữ,Xanh Ngọc,894.1118999999999,1370852455.03638,715.2895199999999,1072.93428,1533200.100609756,0,0,17,15
000401002016002,"Xe đạp Thống Nhất Nữ Truyền thống Lốp 2 màu, Ngọc",CITYBIKE_P,Xe phổ thông,Xe Nữ,Xanh Ngọc,324.9279,497320021.98450005,259.94232,389.91348000000005,1530555.0,0,0,57,57
000401002022000,"Xe đạp Thống Nhất Nữ Lốp đỏ, Xanh dương",Unknown,Unknown,Unknown,Xanh Dương,0.0,0.0,0.0,0.0,1300000.0,0,1,168,185
000406002004000,Xe đạp Thống Nhất nam 0209 đỏ đậm,Unknown,Unknown,Unknown,Đỏ Đậm,3.2186,15139341.6944,2.5748800000000003,3.8623199999999995,4703704.0,1,1,163,155
000407002010000,Xe đạp Thống Nhất nữ 0209 Base xanh,Unknown,Unknown,Unknown,Xanh,1.6093,6824624.4913,1.2874400000000001,1.9311599999999998,4240741.0,1,1,166,172
000407002019000,Xe đạp Thống Nhất nữ 0209 Base vàng cánh gián,Unknown,Unknown,Unknown,Vàng Cánh Gián,0.0,0.0,0.0,0.0,4240741.0,1,1,168,185
000413002001000,Xe đạp Thống Nhất Highway 27.5 Đen bóng,SPORTBIKE_S,Xe thể thao thép,Xe Highway 27.5,Đen Bóng,28.8495,78358444.2945,23.0796,34.6194,2716111.0,0,0,138,136
000413002003000,Xe đạp Thống Nhất Highway 27.5 Đỏ đun,SPORTBIKE_S,Xe thể thao thép,Xe Highway 27.5,Đỏ Đun,0.0,0.0,0.0,0.0,1450000.0,0,0,168,185
000413002018000,Xe đạp Thống Nhất Highway 27.5 Đen mờ,SPORTBIKE_S,Xe thể thao thép,Xe Highway 27.5,Đen Mờ,0.0,0.0,0.0,0.0,1450000.0,0,0,168,185
000413002022000,Xe đạp Thống Nhất Highway 27.5 Xanh dương,SPORTBIKE_S,Xe thể thao thép,Xe Highway 27.5,Xanh Dương,20.6163,58281866.188130766,16.49304,24.739559999999997,2826979.9230769225,0,0,143,141
000419002015000,Xe đạp Thống Nhất nam 0209 Base nâu,Unknown,Unknown,Unknown,Nâu,1.6093,6824624.4913,1.2874400000000001,1.9311599999999998,4240741.0,1,1,166,172
000490002004000,Xe đạp đôi Thống Nhất 26 Đỏ tươi,CITYBIKE_P,Xe phổ thông,Xe đạp đôi 26,Đỏ Tươi,0.0,0.0,0.0,0.0,1400000.0,0,0,168,185
000490002007000,Xe đạp đôi Thống Nhất 26 Coban,CITYBIKE_P,Xe phổ thông,Xe đạp đôi 26,Coban,0.0,0.0,0.0,0.0,1400000.0,0,0,168,185
000490002009000,Xe đạp đôi Thống Nhất 26 Hồng,CITYBIKE_P,Xe phổ thông,Xe đạp đôi 26,Hồng,0.0,0.0,0.0,0.0,1400000.0,0,0,168,185
1000210020090000,Xe đạp Thống Nhất TE Love 12 Hồng,KIDBIKE_2,Xe trẻ em nhóm 2,Xe Love 12,Hồng,184.98329999999999,173406860.1027,147.98664,221.97995999999995,937419.0,0,0,85,110
1000220020090000,Xe đạp Thống Nhất TE Love 16 Hồng,KIDBIKE_2,Xe trẻ em nhóm 2,Xe Love 16,Hồng,140.5485,129289729.45621622,112.4388,168.6582,919894.0540540541,0,0,103,124
1000220020220000,Xe đạp Thống Nhất TE Love 16 Xanh dương,KIDBIKE_2,Xe trẻ em nhóm 2,Xe Love 16,Xanh Dương,116.43299999999999,104802456.6905625,93.1464,139.71959999999999,900109.5625,0,0,116,130
1000230020090000,Xe đạp Thống Nhất TE Bunny 12 Hồng,KIDBIKE_2,Xe trẻ em nhóm 2,Xe Bunny 12,Hồng,234.3879,119837306.41983,187.51031999999998,281.26547999999997,511277.7,0,0,73,127
1000240020090000,Xe đạp Thống Nhất TE Bunny 16 Hồng,KIDBIKE_2,Xe trẻ em nhóm 2,Xe Bunny 16,Hồng,815.0822999999998,676116378.290311,652.06584,978.0987599999999,829506.8832807572,0,0,22,41
1000240020220000,Xe đạp Thống Nhất TE Bunny 16 Xanh dương,KIDBIKE_2,Xe trẻ em nhóm 2,Xe Bunny 16,Xanh Dương,160.81650000000002,141263345.71553227,128.65320000000003,192.9798,878413.2580645162,0,0,97,121
1000250020050000,Xe đạp Thống Nhất TE Robot 16 Cam,KIDBIKE_2,Xe trẻ em nhóm 2,Xe Robot 16,Cam,162.86579999999998,138720298.1488767,130.29264,195.43895999999998,851746.0273972604,0,0,96,123
1000250020220000,Xe đạp Thống Nhất TE Robot 16 Xanh dương,KIDBIKE_2,Xe trẻ em nhóm 2,Xe Robot 16,Xanh Dương,169.7823,147694754.65199998,135.82584,203.73876,869906.6666666666,0,0,91,118
1000260020220000,Xe đạp Thống Nhất TE Spaceboy 12 Xanh dương,KIDBIKE_2,Xe trẻ em nhóm 2,Xe Spaceboy 12,Xanh Dương,180.5211,171963045.95174998,144.41688,216.62532,952592.5,0,0,88,111
1000270020150000,Xe đạp Thống Nhất TE Spaceboy 16 Café/nâu,KIDBIKE_2,Xe trẻ em nhóm 2,Xe Spaceboy 16,Nâu,430.68330000000003,405109697.1103463,344.54664,516.81996,940620.8625000002,0,0,38,70
1000270020220000,Xe đạp Thống Nhất TE Spaceboy 16 Xanh dương,KIDBIKE_2,Xe trẻ em nhóm 2,Xe Spaceboy 16,Xanh Dương,711.8316,593169262.4276595,569.46528,854.1979199999998,833299.9861591696,0,0,29,48
100028005008000,Xe đạp Thống Nhất MTB Cyper 27.5 Ghi,SPORTBIKE_A,Xe thể thao nhôm,Xe MTB Cyber 27.5,Ghi,0.0,0.0,0.0,0.0,3003787.44,0,0,168,185
100028005020000,Xe đạp Thống Nhất MTB Cyper 27.5 Xanh,SPORTBIKE_A,Xe thể thao nhôm,Xe MTB Cyber 27.5,Xanh,0.0,0.0,0.0,0.0,4066666.67,0,0,168,185
100029005001000,Xe đạp Thống Nhất Touring Blade 700C Đen,SPORTBIKE_A,Xe thể thao nhôm,Xe Touring Blade 700C,Đen,2.7666,9102114.0,2.21328,3.3199199999999998,3290000.0,0,0,164,166
100029005010000,Xe đạp Thống Nhất CPD 700C Đen,Unknown,Unknown,Unknown,Đen,469.2633,1266203466.1663916,375.41064000000006,563.1159600000001,2698279.3373493976,1,1,35,21
100029005020000,Xe đạp Thống Nhất Touring Blade 700C Xanh,SPORTBIKE_A,Xe thể thao nhôm,Xe Touring Blade 700C,Xanh,2.7666,9129780.0,2.21328,3.3199199999999998,3300000.0,0,0,164,165
100029005080000,Xe đạp Thống Nhất CPD 700C Ghi,Unknown,Unknown,Unknown,Ghi,416.28180000000003,1123102469.1723042,333.02544,499.53815999999995,2697937.9573459714,1,1,42,27
100029005090000,Xe đạp Thống Nhất CPD 700C Hồng,Unknown,Unknown,Unknown,Hồng,169.2141,446005956.7684976,135.37128,203.05692000000002,2635749.3658536584,1,1,92,64
100029005220000,Xe đạp Thống Nhất CPD 700C Xanh,Unknown,Unknown,Unknown,Xanh,123.8094,359063404.318831,99.04752,148.57128,2900130.396551724,1,1,113,77
1000300050010000,Xe đạp Thống Nhất MTB SPD 27.5 ( Đen),SPORTBIKE_A,Xe thể thao nhôm,Xe MTB SPD 27.5,Đen,5.4666,13517349.2856,4.373279999999999,6.559919999999998,2472716.0,0,0,158,159
1000300050080000,Xe đạp Thống Nhất MTB SPD 27.5 ( Ghi),SPORTBIKE_A,Xe thể thao nhôm,Xe MTB SPD 27.5,Ghi,5.5332,6971832.0,4.42656,6.6398399999999995,1260000.0,0,0,157,171
1000300050200000,Xe đạp Thống Nhất MTB SPD 27.5 (xanh da trời),SPORTBIKE_A,Xe thể thao nhôm,Xe MTB SPD 27.5,Xanh Da Trời,0.0,0.0,0.0,0.0,2150000.0,0,0,168,185
1000310050010000,Xe đạp Thống Nhất Road RPD 700C Đen,SPORTBIKE_A,Xe thể thao nhôm,Xe Road RPD 700C,Đen,9.6831,13556339.999999998,7.74648,11.61972,1400000.0,0,0,153,158
1000310050080000,Xe đạp Thống Nhất Road RPD 700C Ghi,SPORTBIKE_A,Xe thể thao nhôm,Xe Road RPD 700C,Ghi,124.61489999999999,328322409.72412497,99.69192000000001,149.53788,2634696.25,0,0,112,83
1000310050200000,Xe đạp Thống Nhất Road RPD 700C Xanh da trời,SPORTBIKE_A,Xe thể thao nhôm,Xe Road RPD 700C,Xanh Da Trời,26.2827,36795779.99999999,21.026159999999997,31.539239999999996,1400000.0,0,0,141,145
1000320010040000,"Xe đạp Thống Nhất Wonder Woman 20"" Đỏ",KIDBIKE_2,Xe trẻ em nhóm 2,Xe TE Wonder Woman 20 (IP - Bản quyền),Đỏ,13.766399999999997,15295998.470399998,11.01312,16.519679999999997,1111111.0,1,0,147,154
1000320010090000,"Xe đạp Thống Nhất Wonder Woman 20"" Hồng",KIDBIKE_2,Xe trẻ em nhóm 2,Xe TE Wonder Woman 20 (IP - Bản quyền),Hồng,28.9161,32128996.787100002,23.13288,34.69932,1111111.0,0,0,137,149
1000320050010000,Xe đạp Thống Nhất Road RPD 700C V5 Đen,Unknown,Unknown,Unknown,Đen,119.8582,296922194.49954283,95.88656,143.82984,2477278.93877551,1,1,115,88
1000320050020000,Xe đạp Thống Nhất Road RPD 700C V5 Trắng,Unknown,Unknown,Unknown,Trắng,159.86520000000002,443839822.37100005,127.89216000000002,191.83823999999998,2776337.9545454546,1,1,98,65
1000320050200000,Xe đạp Thống Nhất Road RPD 700C V5 Xanh da trời,Unknown,Unknown,Unknown,Xanh Da Trời,112.05590000000001,310787469.63423073,89.64472,134.46708,2773503.846153846,1,1,118,85
1000330010090000,"Xe đạp Thống Nhất The Powerpuff Girls 16"" Hồng",KIDBIKE_2,Xe trẻ em nhóm 2,Xe TE Powerpuff Girls 16 (IP - Bản quyền),Hồng,0.0,0.0,0.0,0.0,1422360.795,0,0,168,185
1000330010240000,"Xe đạp Thống Nhất The Powerpuff Girls 16"" Tím",KIDBIKE_2,Xe trẻ em nhóm 2,Xe TE Powerpuff Girls 16 (IP - Bản quyền),Tím,0.0,0.0,0.0,0.0,1231481.0,0,0,168,185
1000340010090000,"Xe đạp Thống Nhất TE The Powerpuff Girls 12"" Hồng",KIDBIKE_2,Xe trẻ em nhóm 2,Xe TE Powerpuff Girls 12 (IP - Bản quyền),Hồng,13.433399999999999,12438320.895,10.74672,16.120079999999998,925925.0,0,0,148,160
1000340010240000,"Xe đạp Thống Nhất TE The Powerpuff Girls 12"" Tím",KIDBIKE_2,Xe trẻ em nhóm 2,Xe TE Powerpuff Girls 12 (IP - Bản quyền),Tím,0.0,0.0,0.0,0.0,1418796.3,0,0,168,185
100035005001000,"Xe đạp Thống Nhất MTB Cyper 2024 27.5""  Đen",SPORTBIKE_A,Xe thể thao nhôm,Xe MTB Cyber 27.5 2024,Đen,78.8481,238137654.10500002,63.07848,94.61771999999999,3020207.8947368427,0,0,130,98
1000350050220000,"Xe đạp Thống Nhất MTB Cyper 2024 27.5""  Ghi",SPORTBIKE_A,Xe thể thao nhôm,Xe MTB Cyber 27.5 2024,Ghi,0.0,0.0,0.0,0.0,3003787.0,0,0,168,185
1000400050010000,Xe đạp Thống Nhất MTB SPD 27.5 17 Đen,Unknown,Unknown,Unknown,Đen,424.798,1199959514.3855836,339.8384,509.7575999999999,2824776.7512690355,1,1,40,24
1000400050020000,Xe đạp Thống Nhất MTB SPD 27.5 17 Trắng,Unknown,Unknown,Unknown,Trắng,342.0725,994225871.681574,273.658,410.48699999999997,2906477.0529100527,1,1,54,32
1000400050080000,Xe đạp Thống Nhất MTB SPD 27.5 15 Ghi,Unknown,Unknown,Unknown,Ghi,92.41869999999999,273610644.3785,73.93495999999999,110.90243999999998,2960555.0,1,1,126,91
1000400050080010,Xe đạp Thống Nhất MTB SPD 27.5 17 Ghi,Unknown,Unknown,Unknown,Ghi,455.9819,1313605552.090123,364.78552,547.17828,2880828.2786885244,1,1,36,17
1000400050090000,Xe đạp Thống Nhất MTB SPD 27.5 15 Hồng,Unknown,Unknown,Unknown,Hồng,77.60940000000001,218329317.72300005,62.087520000000005,93.13128,2813181.3636363638,1,1,131,101
1000400050200000,Xe đạp Thống Nhất MTB SPD 27.5 17 Xanh,Unknown,Unknown,Unknown,Xanh,135.5442,388263936.50715,108.43536,162.65304,2864482.1136363638,1,1,105,72
1010020000050000,"Xe đạp Thống Nhất GRX AT 27,5_2.0_15 Cam",SPORTBIKE_A,Xe thể thao nhôm,"Xe GRX AT 27,5_2.0",Cam,11.0664,22907448.0,8.85312,13.279679999999999,2070000.0,0,0,152,151
1010020000080000,"Xe đạp Thống Nhất GRX AT 27,5_2.0_15 Ghi",SPORTBIKE_A,Xe thể thao nhôm,"Xe GRX AT 27,5_2.0",Ghi,113.4306,238204260.0,90.74448000000001,136.11672,2100000.0,0,0,117,97
1010020010050000,"Xe đạp Thống Nhất GRX AT 27,5_2.0_17 Cam",SPORTBIKE_A,Xe thể thao nhôm,"Xe GRX AT 27,5_2.0",Cam,2.7666,5809860.0,2.21328,3.3199199999999998,2100000.0,0,0,164,175
1010020010080000,"Xe đạp Thống Nhất GRX AT 27,5_2.0_17 Ghi",SPORTBIKE_A,Xe thể thao nhôm,"Xe GRX AT 27,5_2.0",Ghi,11.0664,22907448.0,8.85312,13.279679999999999,2070000.0,0,0,152,151
1010020010220000,"Xe đạp Thống Nhất GRX AT 27,5_2.0_17 Xanh dương",SPORTBIKE_A,Xe thể thao nhôm,"Xe GRX AT 27,5_2.0",Xanh Dương,5.5332,11453724.0,4.42656,6.6398399999999995,2070000.0,0,0,157,161
1010030010130000,Xe đạp Thống Nhất GRX 2.0 Xanh lá,Unknown,Unknown,Unknown,Xanh Lá,28.334899999999998,184396556.45335832,22.667920000000002,34.00188,6507753.916666667,1,1,139,107
1010030010220000,Xe đạp Thống Nhất GRX 2.0 Xanh dương,Unknown,Unknown,Unknown,Xanh Dương,11.6721,90658706.4009,9.33768,14.00652,7767129.0,1,1,151,134
1010030010260000,Xe đạp Thống Nhất GRX 2.0 Be,Unknown,Unknown,Unknown,Be,1.6093,11008057.776099999,1.2874400000000001,1.9311599999999998,6840277.0,1,1,166,162
1010130010050000,Xe đạp Thống Nhất REX Cam,Unknown,Unknown,Unknown,Cam,6.6000000000000005,63479163.0,5.280000000000001,7.92,9618055.0,1,1,155,139
1010130010220000,Xe đạp Thống Nhất REX Xanh dương,Unknown,Unknown,Unknown,Xanh Dương,4.9093,20987257.5,3.9274400000000007,5.89116,4275000.0,1,1,160,152
1030010000080000,Xe đạp Thống Nhất TE Batman12 Ghi,KIDBIKE_2,Xe trẻ em nhóm 2,Xe TE Batman12 (IP - Bản quyền),Ghi,145.85129999999998,95154467.41962,116.68104,175.02155999999997,652407.4,0,0,101,132
1040010000080000,Xe đạp Thống Nhất TE Batman16 Ghi,KIDBIKE_2,Xe trẻ em nhóm 2,Xe TE Batman16 (IP - Bản quyền),Ghi,423.567,472641076.91925,338.85360000000003,508.2804,1115859.0657894737,0,0,41,59
1050010000200000,Xe đạp Thống Nhất TE Super Man 12 Xanh,KIDBIKE_2,Xe trẻ em nhóm 2,Xe TE Super Man 12 (IP - Bản quyền),Xanh,95.166,89986696.19,76.1328,114.1992,945576.1111111111,0,0,124,135
1060010000200000,Xe đạp Thống Nhất TE Super Man 16 Xanh,KIDBIKE_2,Xe trẻ em nhóm 2,Xe TE Super Man 16 (IP - Bản quyền),Xanh,129.0672,123205348.52423999,103.25376,154.88064,954582.9499999998,0,0,108,126
